Feature,Eta_Squared,F_Statistic,P_Value,Rank
latent_58,0.016141940860760123,54.33104568678653,3.942754040873681e-24,1
latent_63,0.011081599759505739,37.1079328634992,9.415761786662024e-17,2
latent_169,0.007729988730737985,25.79727029046782,6.915152628021197e-12,3
latent_96,0.006935656886972587,23.127834505881225,9.786373374515733e-11,4
latent_211,0.0065646120409161785,21.88236199050039,3.3718826315228864e-10,5
latent_65,0.006090863496970469,20.29349940496941,1.6350849491763256e-09,6
latent_60,0.006024638082860591,20.071512610647577,2.0387498740239502e-09,7
latent_7,0.0060159469455356085,20.04238221822824,2.0986448609004645e-09,8
latent_3,0.005980256729030156,19.922763398055398,2.363617220994137e-09,9
latent_53,0.005897167233820137,19.644315106170456,3.1173641895803104e-09,10
latent_146,0.005800161178018617,19.319288729484406,4.306447161836615e-09,11
latent_110,0.005715896272390126,19.03700404648673,5.701746429894224e-09,12
latent_77,0.005413464373181832,18.02426096638603,1.560950451025596e-08,13
latent_213,0.005050871755331595,16.81087137318189,5.21915654494651e-08,14
latent_29,0.004803535385268721,15.983685627817588,1.1887005536293541e-07,15
latent_172,0.004642152403410952,15.444181930161077,2.0336179381673723e-07,16
latent_121,0.004558518097457079,15.164661061620283,2.685995494814119e-07,17
latent_190,0.004540438093651714,15.104240616598972,2.8525033704827156e-07,18
latent_216,0.004534501423280806,15.084401704191409,2.909397102027527e-07,19
latent_175,0.004474858983498234,14.885104266401157,3.547863334687692e-07,20
latent_204,0.004454563940741824,14.817293069171882,3.795643586686274e-07,21
latent_105,0.004313955000957798,14.347556699647669,6.058916001081334e-07,22
latent_220,0.0043099947378098455,14.334328454466192,6.139247095097547e-07,23
latent_117,0.0039892306279122524,13.263247376993325,1.783813531696975e-06,24
latent_178,0.003945269397388235,13.116507766141526,2.064547273133557e-06,25
latent_64,0.003918403862489274,13.026838806127286,2.2574308181163022e-06,26
latent_14,0.003747500975998066,12.45653034163032,3.984253060824796e-06,27
latent_38,0.003719485489071316,12.363060420895733,4.373094177781017e-06,28
latent_176,0.0036639512565680562,12.177793427656603,5.25959405530898e-06,29
latent_224,0.0035924890719564112,11.93941979692959,6.669618130465941e-06,30
latent_198,0.003591832665603441,11.937230406255814,6.684183958118806e-06,31
latent_244,0.003431852878686999,11.403716685707574,1.1374616323613862e-05,32
latent_46,0.003355852672100488,11.150324971511179,1.464232012199106e-05,33
latent_231,0.003287631616808456,10.922902578927028,1.8367502380501e-05,34
latent_74,0.0031074907166578495,10.322532682696442,3.341594233835285e-05,35
latent_104,0.0030945422004956392,10.279386492236704,3.488460083568344e-05,36
latent_212,0.0030260140304445016,10.051060110732864,4.3801722107439276e-05,37
latent_177,0.0029320669992807143,9.738092608090176,5.984203218749893e-05,38
latent_90,0.0028901099377396087,9.59833931466381,6.87897500924507e-05,39
latent_128,0.002886473926429516,9.586228806875125,6.962545837668725e-05,40
latent_191,0.00285643989518496,9.486197465799945,7.692834368695797e-05,41
latent_125,0.0028487214227535043,9.46049129567199,7.8925725629314e-05,42
latent_86,0.002815325787766683,9.349272594421336,8.818271383628029e-05,43
latent_143,0.0028026499478041194,9.307059732627202,9.197393686155667e-05,44
latent_203,0.00274445820354157,9.113284369075844,0.00011158014912737368,45
latent_134,0.002738125797519447,9.092199163571562,0.00011395123158167389,46
latent_107,0.0027287378946703575,9.060940469822247,0.00011755940895812658,47
latent_25,0.0027246433356488175,9.047307090972039,0.00011916868600342129,48
latent_156,0.002696291633702812,8.952909399718598,0.00013093249017273045,49
latent_233,0.0026903718557429912,8.933200030235925,0.00013353159730736654,50
latent_162,0.0026414550842569695,8.770344983865247,0.00015708059579287994,51
latent_126,0.0026362247243393363,8.752932872699219,0.00015983230726516372,52
latent_57,0.002619852787240038,8.698431113943876,0.0001687610336217142,53
latent_93,0.002618620201309082,8.69432793941395,0.00016945309102198532,54
latent_215,0.0026156201570992324,8.684341087834554,0.00017114939912726365,55
latent_34,0.0025634219033172615,8.510587860165952,0.00020353544042189318,56
latent_102,0.0025525131101781255,8.474277869716634,0.00021104201878242775,57
latent_242,0.0025260307142817738,8.386134343269333,0.00023043687433100857,58
latent_232,0.002518828427434073,8.362163191810332,0.0002360131790203109,59
latent_75,0.0025130756657585187,8.343016699405617,0.00024056395215438372,60
latent_113,0.00251000033827585,8.332781404344134,0.00024303259162235474,61
latent_69,0.002497870863219968,8.292412739721199,0.00025301863454296595,62
latent_197,0.002486720733777567,8.255304346386223,0.00026255984803940166,63
latent_251,0.002461972607055531,8.172943852147363,0.0002850417766867507,64
latent_27,0.002420651146254629,8.035437261239279,0.0003269498021236531,65
latent_246,0.0024001572597622403,7.967243402796158,0.00034996604394010243,66
latent_127,0.0023861905964452134,7.920770628518675,0.00036657300233449303,67
latent_201,0.0023716058879665104,7.872242755271042,0.000384756289544913,68
latent_40,0.002366336967230539,7.85471176179278,0.00039154465989720976,69
latent_76,0.002361764394211215,7.839497838293396,0.0003975328371041749,70
latent_253,0.002307740431397758,7.6597591745154245,0.00047560922356400123,71
latent_183,0.0022955202950459613,7.619105267817068,0.0004952966592119476,72
latent_132,0.002270164665127172,7.5347554240927845,0.0005387836941999658,73
latent_67,0.0022347590608726674,7.416979792876295,0.0006059663927208298,74
latent_109,0.0020963933484104166,6.956790743101184,0.0009591207705798065,75
latent_145,0.0020812974067964726,6.906591032612524,0.0010083915865127858,76
latent_48,0.0020782942507710685,6.896604585087447,0.0010184911329395045,77
latent_254,0.0020727224721568704,6.8780768109186665,0.0010374975070391779,78
latent_99,0.0020254595876694217,6.720922381242385,0.0012136641126608706,79
latent_62,0.0020159593894868324,6.689334945879152,0.0012525326011289487,80
latent_199,0.0019606912816340417,6.5055846221818,0.0015046383204223037,81
latent_210,0.001936110082360872,6.423865849176333,0.0016324992173459138,82
latent_103,0.0018995376996916067,6.302290530986742,0.001843109813214988,83
latent_153,0.0018937386705427128,6.283013994070291,0.0018789145388779854,84
latent_32,0.0018923918339771638,6.278537010383168,0.001887329271047967,85
latent_163,0.001891028424743173,6.274004950234892,0.0018958859184517614,86
latent_123,0.0018850228482890038,6.254042174502105,0.0019340404614414909,87
latent_174,0.0018624185258554237,6.178906658600702,0.002084660580463441,88
latent_79,0.001859670166548114,6.169771496510559,0.0021037557758104195,89
latent_252,0.0018383514918697223,6.098912910975262,0.002257937484777991,90
latent_155,0.0018373446585899487,6.09556649345843,0.002265492209922527,91
latent_114,0.0018317825952415823,6.0770799534310544,0.0023076845714971217,92
latent_49,0.0018273421690361328,6.062321528534547,0.0023419316851045024,93
latent_6,0.0018265043251928926,6.059536843128914,0.002348450369193785,94
latent_157,0.0018039139734160761,5.984456567793304,0.002531215652016947,95
latent_179,0.0017901277817989594,5.938639072216488,0.0026496693080232314,96
latent_116,0.0017883503349791173,5.932731937431011,0.002665339411166719,97
latent_170,0.0017807629273682147,5.9075163200353735,0.002733279108340564,98
latent_73,0.001773605727726313,5.883730785988107,0.0027989526391624733,99
latent_88,0.0017663517200985914,5.859623877822203,0.0028671242651014664,100
latent_187,0.001752933814939511,5.815033697375313,0.002997627812980223,101
latent_137,0.0017141851771576631,5.686271536538829,0.0034087995486905887,102
latent_80,0.001672198230770144,5.546759722990626,0.003918213397906426,103
latent_24,0.0016347735188589785,5.422416931309059,0.004436088309148314,104
latent_141,0.0015993070269751447,5.304588886108952,0.00498987315277039,105
latent_94,0.0015574395016255196,5.165505872524696,0.005733200795312393,106
latent_247,0.0015519832278202163,5.147381108073553,0.005837896615941893,107
latent_186,0.001546184403736785,5.128118670082587,0.005951261193086848,108
latent_165,0.001496274101542088,4.962336703148645,0.00702259590561512,109
latent_12,0.0014809032062751179,4.911284103956531,0.007389865538092632,110
latent_26,0.0014488482718718954,4.804822511095622,0.008218725755860745,111
latent_42,0.0014406069453754568,4.777452330619551,0.00844644647601864,112
latent_5,0.0014302765289212172,4.74314473410909,0.008740821404769344,113
latent_192,0.0013839565854129956,4.589323657293246,0.01019205810718185,114
latent_68,0.001366513916773838,4.531403060741567,0.010798959017003269,115
latent_241,0.0013660974910763878,4.5300202910535745,0.010813881388503862,116
latent_147,0.0013600552523300893,4.50995675846823,0.011032735489770898,117
latent_81,0.001337128012927118,4.433828010445434,0.011904219158978237,118
latent_222,0.0013369815476741555,4.433341691158602,0.01191000207397834,119
latent_16,0.0013359908968976746,4.430052364708664,0.011949189930242026,120
latent_236,0.0013325930594814655,4.418770339158275,0.012084582418429609,121
latent_98,0.00132783821979258,4.402982713571277,0.01227662545029255,122
latent_142,0.00132576753807946,4.396107418859973,0.012361208929052238,123
latent_144,0.0013247443656425467,4.392710184892656,0.012403218418381545,124
latent_180,0.0013153427756581165,4.361494461823257,0.012795972919473592,125
latent_140,0.0013087659187962669,4.339657936500335,0.01307809090854461,126
latent_66,0.001308516469583244,4.338829719171168,0.013088912710435132,127
latent_51,0.0013021678051608732,4.317751123293657,0.013367369094309437,128
latent_82,0.0012991870323496913,4.307854566415929,0.013500143021985574,129
latent_240,0.001298876419677946,4.306823294985082,0.013514054410940472,130
latent_85,0.0012977729037247914,4.3031594944769775,0.013563593504250494,131
latent_194,0.0012947017419299668,4.292962924978117,0.013702422025857176,132
latent_118,0.0012669730252188054,4.200903604560621,0.015021973283986498,133
latent_248,0.001245114977597727,4.1283385044193235,0.016151096950280556,134
latent_22,0.0012397873268625082,4.110652067243272,0.01643893214150035,135
latent_230,0.0012361589446718974,4.098606874829981,0.016637891479813868,136
latent_182,0.0012082687144357005,4.006022199146378,0.018249802002854303,137
latent_35,0.0012022642908136364,3.9860905333375323,0.018616752988689624,138
latent_151,0.0011973148671630166,3.96966111688317,0.018924768717829027,139
latent_245,0.0011923613623917096,3.9532183163376753,0.019238139333495788,140
latent_50,0.0011763705975238114,3.900139242831626,0.02028559322562888,141
latent_150,0.0011531700496292849,3.8231313399043687,0.021907502261521557,142
latent_221,0.0011356018297235925,3.7648207965147757,0.02322136966115892,143
latent_135,0.0011209088079249686,3.716054876084884,0.02438050556756178,144
latent_87,0.0011052644966091333,3.664133216876614,0.025678337219813937,145
latent_47,0.0010993380903554046,3.6444645849490946,0.026187826827395302,146
latent_129,0.0010867336119257918,3.602633458763365,0.02730527975608892,147
latent_124,0.0010543703168892642,3.4952325738552457,0.030397670822990542,148
latent_8,0.0010451532943200983,3.4646462205520465,0.03134078337821143,149
latent_59,0.0010205218941410276,3.3829105867677223,0.03400717211297828,150
latent_148,0.001020136779585515,3.3816326734626596,0.03405061371207574,151
latent_89,0.0010196534031792419,3.3800287023972886,0.034105217943900826,152
latent_31,0.0010163203521528852,3.3689687977091722,0.034484123762202036,153
latent_78,0.0010129398291645617,3.357751444452963,0.03487272514192375,154
latent_205,0.0009953532232505563,3.29939626349986,0.03696611169831798,155
latent_229,0.0009896861887473804,3.2805925711955717,0.03766708447257678,156
latent_10,0.0009895722361885641,3.280214469306014,0.037681315061564385,157
latent_19,0.0009576087264314828,3.1741609017564585,0.04189282891518123,158
latent_238,0.0009520754548978456,3.15580243092921,0.04266827227796204,159
latent_234,0.000942921668946711,3.125432144410813,0.043982732634689506,160
latent_173,0.0009363498780110668,3.103628703391467,0.0449513174849883,161
latent_250,0.0009124935141948928,3.0244820925496394,0.048650083087332756,162
latent_70,0.0008895222186332296,2.9482753834641895,0.05249886565137796,163
latent_202,0.0008801896791595867,2.917315913895226,0.05414814074693752,164
latent_106,0.0008765761519540135,2.9053286690205877,0.05480055672430987,165
latent_44,0.0008757518655346698,2.9025942550518287,0.05495047754114521,166
latent_97,0.0008711521873121476,2.887335777161982,0.05579462405354706,167
latent_208,0.000868052181663165,2.8770522310434834,0.056370846855758765,168
latent_223,0.0008599607542919655,2.850211107531789,0.057903049856995445,169
latent_185,0.0008357695968403881,2.7699660733653695,0.06273672833090613,170
latent_39,0.000825021422057385,2.734314307020952,0.06501182758682877,171
latent_55,0.0008090877472745637,2.6814636144549344,0.06853720434012019,172
latent_18,0.0008085577579121654,2.6797057121686265,0.06865769438822511,173
latent_181,0.0007887794819420042,2.6141052070018533,0.07330884861664283,174
latent_45,0.0007871518118091443,2.6087066729901207,0.0737053655840148,175
latent_239,0.0007688509453467327,2.5480089446015266,0.07831397795856619,176
latent_56,0.0007634270219868534,2.5300200689963073,0.07973440697154266,177
latent_255,0.0007505103942028677,2.4871818262156267,0.08322160705163352,178
latent_120,0.0007310992590845868,2.4228065085018717,0.08875099525326922,179
latent_13,0.000726508185149206,2.4075809824117185,0.09011161531163284,180
latent_115,0.0007245875743188514,2.401211640474879,0.09068697964694768,181
latent_228,0.0007223498492889534,2.393790680257489,0.09136197689058194,182
latent_131,0.0006902780127639161,2.287434605081244,0.10160678745005475,183
latent_119,0.0006786564012116997,2.248896900889983,0.10559612388025653,184
latent_21,0.0006711315125096838,2.223944562954082,0.10826231909522054,185
latent_225,0.0006686368692236402,2.2156724727394863,0.10916098415872202,186
latent_95,0.0006657361278342779,2.2060538370625062,0.11021532251046756,187
latent_54,0.0006514680518081588,2.1587428055325897,0.11555144039307057,188
latent_209,0.0006488443214752577,2.1500430137657,0.11656044011253955,189
latent_218,0.0006422880072249105,2.1283037198803103,0.11912045373870216,190
latent_100,0.0006358251358538424,2.1068745411713743,0.12169898766907264,191
latent_158,0.0006207773245153914,2.056981037317634,0.12792099379974758,192
latent_188,0.000614546907147888,2.036323499328696,0.13058934336762484,193
latent_37,0.0005878868971947817,1.947932624126859,0.142650181374681,194
latent_136,0.0005752643460234993,1.906084384243582,0.14874289091129875,195
latent_227,0.0005724366239563933,1.8967096262866936,0.15014306847156503,196
latent_219,0.0005722311955857544,1.8960285708781897,0.15024530048498352,197
latent_237,0.000567525039060947,1.880426355891398,0.1526064855968855,198
latent_43,0.0005574187904325133,1.846921833451756,0.15780313824020847,199
latent_149,0.0005280243302432696,1.7494763356710032,0.17394530446816203,200
latent_160,0.0005208506607160206,1.7256957927549574,0.17812917318751204,201
latent_91,0.0005146996396034352,1.705305576712525,0.18179662871771907,202
latent_52,0.0004894200213929835,1.6215079993225885,0.1976789289663241,203
latent_111,0.00048313857880110143,1.600686757224833,0.201835954455204,204
latent_122,0.0004733219736868585,1.5681479547490027,0.20850822778144446,205
latent_152,0.0004703970843888306,1.5584530367182456,0.2105385655557176,206
latent_17,0.0004523041461276457,1.4984829499528738,0.22354467118551372,207
latent_0,0.000444603888534358,1.4729606609190287,0.22932084861825944,208
latent_214,0.0004427367793236165,1.4667722387471493,0.23074374947976717,209
latent_171,0.00044218017717663623,1.4649274185859356,0.23116963440102326,210
latent_189,0.0004331792669260895,1.435094795737329,0.23816682054339683,211
latent_92,0.000409012141274031,1.3549979164281682,0.25801933026946,212
latent_193,0.00038540667190087676,1.276766268237999,0.2790065001215332,213
latent_207,0.00038307362423365137,1.2690344402720581,0.28117125625657413,214
latent_101,0.00038210338575446907,1.2658190356651977,0.2820764436547921,215
latent_159,0.00037292429317524706,1.2353995073379005,0.2907855795471774,216
latent_36,0.0003724251291593562,1.2337452929612887,0.29126681974804053,217
latent_139,0.0003573410403213832,1.18375786028955,0.30619095599547724,218
latent_196,0.0003487624563441904,1.1553298098461533,0.3150171117579614,219
latent_9,0.0003410510489651356,1.1297758598901533,0.3231679304456768,220
latent_133,0.0003397270939027598,1.1253885964563703,0.32458838329123396,221
latent_154,0.0003299583827489784,1.0930178348703532,0.33526383504181995,222
latent_108,0.00032643337425486467,1.0813371033643397,0.3392016224538363,223
latent_164,0.000278212167617488,0.9215559811524082,0.3979504514797868,224
latent_30,0.0002567262460222499,0.8503672753010105,0.4273046260492358,225
latent_72,0.00025513438422217606,0.8450931256659637,0.42956366830952786,226
latent_130,0.0002463239878692173,0.8159028622756417,0.44228431114919065,227
latent_112,0.00024370035138295866,0.8072104310703585,0.44614464457726066,228
latent_168,0.00023791263444995295,0.7880351725049535,0.4547800318982227,229
latent_23,0.00022118716699866823,0.7326233503994489,0.48068537881853723,230
latent_226,0.0002100773922296147,0.6958174598858112,0.49870309166176485,231
latent_28,0.0002050081803470727,0.6790237946518914,0.5071470960585247,232
latent_20,0.0001811891136717194,0.6001164844978251,0.5487775483073407,233
latent_33,0.00016877779419479326,0.5590020126026984,0.5718063828727826,234
latent_166,0.0001680397098996514,0.5565570230133842,0.5732059180198698,235
latent_84,0.00016429483581458223,0.5441517501224323,0.5803597860343377,236
latent_206,0.00016298597346178399,0.5398160335604175,0.5828811108382539,237
latent_243,0.00015932395291026402,0.5276853429770771,0.5899937683325482,238
latent_83,0.00015815108524024597,0.5238001583365689,0.5922900964291651,239
latent_184,0.0001559778592253002,0.516601259183061,0.5965686429275583,240
latent_200,0.00015426850910020158,0.5109389896814949,0.5999556298465951,241
latent_41,0.00014720216697484552,0.48753174166604085,0.6141624206687653,242
latent_217,0.0001467435538301006,0.4860125977241708,0.6150959934955182,243
latent_4,0.00013640445018153107,0.45176495952705426,0.6365233690392769,244
latent_167,0.00012447307471133418,0.41224390017236867,0.6621797445354112,245
latent_161,0.00011228290917025588,0.37186660798186894,0.689460597360168,246
latent_61,8.481981830227943e-05,0.2809046545897641,0.7551093233232578,247
latent_15,5.763073586792332e-05,0.19085518095114953,0.826256780675832,248
latent_71,4.433949055925081e-05,0.14683673365292382,0.8634377465914893,249
latent_249,3.699534389570981e-05,0.1225146137809099,0.8846949810892247,250
latent_2,2.5351115665863492e-05,0.08395234781318635,0.9194760485108429,251
latent_138,2.1333520383367447e-05,0.0706474599085476,0.9317910298612928,252
latent_195,2.0563638120295455e-05,0.06809788797568357,0.9341696792682993,253
latent_235,1.5816522121228718e-05,0.05237724143024607,0.9489712012830449,254
latent_1,2.3832927127461373e-06,0.007892292627903147,0.9921387790730045,255
latent_11,1.7251821482394006e-06,0.005712950539775304,0.9943033422299791,256
