Dimension,BIC_1,BIC_2,Delta_BIC,Is_Bimodal,Means_k2,Weights_k2
latent_94,2955.8121879662535,2489.354486823247,466.4577011430065,True,[1.04985402 0.64111144],[0.87013436 0.12986564]
latent_67,1036.977148573829,862.4019449682637,174.57520360556532,True,[0.23390488 0.18338917],[0.38920057 0.61079943]
latent_23,2899.439199980599,2736.4238291571223,163.0153708234766,True,[-0.36066074 -0.13965359],[0.35382807 0.64617193]
latent_126,8184.151929214363,8047.838493836181,136.31343537818157,True,[ 0.14391021 -1.61238155],[0.6664044 0.3335956]
latent_209,594.9247326184945,462.0265914826939,132.89814113580064,True,[ 0.02043541 -0.00437912],[0.61785238 0.38214762]
latent_39,6398.971878099548,6287.029448066549,111.94243003299925,True,[-1.14197148 -1.31926616],[0.42514066 0.57485934]
latent_90,981.4679037074058,877.7264427717516,103.74146093565412,True,[0.33177775 0.22330583],[0.41668842 0.58331158]
latent_197,2263.343478071479,2167.445291553602,95.89818651787664,True,[ 0.24333245 -0.02154736],[0.36014548 0.63985452]
latent_10,5008.912554490601,4920.974547224558,87.93800726604331,True,[-0.44443827  0.34003204],[0.34693355 0.65306645]
latent_114,1216.2336151922561,1130.5304155007998,85.70319969145635,True,[ 0.00466756 -0.17135219],[0.6358891 0.3641109]
latent_207,3305.601354661961,3232.5267327526444,73.07462190931665,True,[-0.01415157 -0.22902139],[0.62513798 0.37486202]
latent_214,979.1319652034415,914.9306352729209,64.20132993052061,True,[-0.03574786 -0.11572701],[0.56381103 0.43618897]
latent_18,2980.684763466303,2925.199756744171,55.48500672213231,True,[-0.33361024 -0.49326476],[0.41721806 0.58278194]
latent_17,3456.616302766742,3401.4964010742833,55.119901692458825,True,[-0.02541773 -0.32786798],[0.3978354 0.6021646]
latent_222,6108.489600411728,6056.752076065377,51.737524346351165,True,[-0.12286323 -1.22673102],[0.3321142 0.6678858]
latent_96,-227.8297946373692,-274.04345563861955,46.21366100125036,True,[-0.00194422  0.08728783],[0.4306317 0.5693683]
latent_147,3184.5303436208005,3138.4006769980133,46.12966662278723,True,[-0.27605981 -0.06054059],[0.41451804 0.58548196]
latent_50,4427.5473634086875,4381.593681042238,45.95368236644936,True,[ 0.26191599 -0.04699272],[0.44109237 0.55890763]
latent_242,91.8011568921238,50.53875488872454,41.26240200339926,True,[0.12925216 0.04283785],[0.54805496 0.45194504]
latent_233,3191.5631088802106,3153.1119779045757,38.4511309756349,True,[-0.13637491  0.0795946 ],[0.43623783 0.56376217]
latent_231,6763.362926831564,6725.707193359122,37.65573347244208,True,[-0.18717526 -1.3206487 ],[0.39583688 0.60416312]
latent_163,5854.894120450036,5821.660368652122,33.23375179791401,True,[1.07818831 0.07779877],[0.36393942 0.63606058]
latent_107,5706.714331456258,5685.417544582562,21.296786873695964,True,[-0.45432474  0.34741415],[0.5783405 0.4216595]
latent_27,4717.426648805587,4709.504680165189,7.921968640398518,False,[ 0.4147043  -0.28119995],[0.42210113 0.57789887]
latent_133,7100.263407667585,7096.461818925756,3.8015887418287093,False,[ 1.3458393  -0.19141474],[0.52024539 0.47975461]
latent_72,5905.219817542571,5908.767519835183,-3.547702292611575,False,[-0.07841565  0.69652521],[0.56507493 0.43492507]
latent_217,1666.3827549161635,1675.203457873174,-8.820702957010553,False,[ 0.15388178 -0.15170306],[0.45080375 0.54919625]
latent_116,6629.667924463455,6640.536562111544,-10.868637648089134,False,[1.03418275 0.00701711],[0.55570005 0.44429995]
latent_44,5475.648541788352,5487.212902858468,-11.56436107011541,False,[ 0.18740064 -0.66356291],[0.45283099 0.54716901]
latent_251,2062.902218585237,2080.4395369872873,-17.53731840205046,False,[-0.18534286  0.0640179 ],[0.44857063 0.55142937]
latent_99,6850.189057491638,6868.937441031404,-18.74838353976611,False,[-0.06849177 -1.18872606],[0.56078989 0.43921011]
latent_136,5079.31350036073,5098.975577689051,-19.662077328320265,False,[-1.15599017 -0.46111466],[0.56256348 0.43743652]
latent_155,4637.866204201359,4658.964696587612,-21.098492386252474,False,[ 0.42036432 -0.10264876],[0.54127723 0.45872277]
latent_95,2279.487869647484,2302.5884859020302,-23.100616254546367,False,[0.10164717 0.45956963],[0.44557248 0.55442752]
latent_47,-73.37046442013073,-50.10600057492064,-23.264463845210088,False,[ 0.16209492 -0.04653617],[0.54712469 0.45287531]
latent_119,5752.911662416148,5776.760390973511,-23.848728557362847,False,[-0.93670787  0.02292547],[0.56116306 0.43883694]
latent_115,3455.8291167262437,3481.257434842589,-25.42831811634551,False,[0.07486599 0.54919396],[0.44219138 0.55780862]
latent_220,4170.815155259014,4197.581773214168,-26.76661795515338,False,[-0.43139135  0.12747185],[0.45052825 0.54947175]
latent_212,3507.8511164371484,3534.895649260421,-27.044532823272675,False,[-0.38256401  0.08164459],[0.46408843 0.53591157]
latent_185,4925.58231078993,4952.660584065705,-27.078273275775246,False,[ 0.33930684 -0.36215234],[0.41237152 0.58762848]
latent_228,410.8846134767783,439.1851270852533,-28.300513608475,False,[ 0.08235987 -0.1686182 ],[0.56062971 0.43937029]
latent_223,510.72256362100063,539.6724179670396,-28.949854346038933,False,[-0.05414557  0.16409244],[0.54289293 0.45710707]
latent_181,1049.5335884903027,1079.819866858501,-30.286278368198282,False,[ 0.1947824  -0.06463663],[0.42125887 0.57874113]
latent_213,6824.9173299771965,6855.736012359787,-30.81868238259085,False,[-1.27445815 -0.17765205],[0.45564559 0.54435441]
latent_76,122.10688834298361,152.9406971121873,-30.8338087692037,False,[ 0.08674976 -0.10235831],[0.51042264 0.48957736]
latent_62,632.7876325339573,663.7056994824096,-30.918066948452292,False,[-0.12754166  0.11881998],[0.4929872 0.5070128]
latent_154,528.9902137945079,559.9251250260146,-30.934911231506703,False,[0.3392082  0.12047718],[0.55085156 0.44914844]
latent_134,6332.652034164504,6364.326173462979,-31.674139298474984,False,[-0.47389811  0.5596496 ],[0.60279833 0.39720167]
latent_102,1725.6903654529453,1757.4860755821433,-31.795710129197914,False,[-0.18660889  0.08728717],[0.55763928 0.44236072]
latent_250,7067.76661456443,7099.576366593139,-31.809752028709227,False,[-0.11538331  1.04972171],[0.57976838 0.42023162]
latent_51,3592.1712046515613,3624.312786297716,-32.141581646154464,False,[0.10146615 0.5923736 ],[0.45572408 0.54427592]
latent_15,-36.80847387248475,-3.6891970903320157,-33.11927678215273,False,[-0.10813936  0.07224851],[0.50381888 0.49618112]
latent_135,6920.072441896479,6953.45711558106,-33.384673684580775,False,[1.1436148  0.06942349],[0.52870544 0.47129456]
latent_112,807.7306464121807,841.2019726127741,-33.47132620059335,False,[0.19578535 0.00445587],[0.55229961 0.44770039]
latent_86,2060.686193432508,2094.1929155592275,-33.506722126719524,False,[ 0.12705825 -0.19405884],[0.53447712 0.46552288]
latent_118,5899.828217667239,5933.545463175672,-33.717245508432825,False,[-1.28635195 -0.37807221],[0.49803719 0.50196281]
latent_55,-106.50397897150322,-72.435032468848,-34.06894650265522,False,[ 0.14942267 -0.01718838],[0.51870218 0.48129782]
latent_196,4153.033310787588,4187.486113648508,-34.4528028609202,False,[ 0.2808288 -0.1443126],[0.45485395 0.54514605]
latent_171,2714.8542781967994,2749.4532289265508,-34.59895072975132,False,[-0.23262868  0.10701161],[0.48377854 0.51622146]
latent_6,2728.780687401047,2765.4378825501703,-36.657195149123254,False,[-0.21620523  0.1959507 ],[0.52524316 0.47475684]
latent_187,4977.553767062355,5014.265165838654,-36.711398776298665,False,[-0.15842998  0.52563513],[0.4487715 0.5512285]
latent_229,4683.8776201111605,4720.789567817924,-36.911947706763385,False,[ 0.28631621 -0.32113064],[0.48147489 0.51852511]
latent_75,3696.2994962846446,3733.5625974664267,-37.263101181782076,False,[-0.04705989 -0.51163316],[0.50829777 0.49170223]
latent_22,3698.710070923134,3736.5031686945163,-37.793097771382236,False,[0.24494553 0.81563088],[0.46868283 0.53131717]
latent_34,4239.7693329095055,4278.078974545295,-38.309641635789376,False,[ 0.4808726  -0.08323989],[0.48932054 0.51067946]
latent_248,4128.127848792691,4166.444588859241,-38.316740066549755,False,[-0.32927741  0.17838702],[0.46704728 0.53295272]
latent_150,1151.7763495763786,1191.0019637104583,-39.225614134079706,False,[-0.24032766 -0.00728756],[0.44832163 0.55167837]
latent_142,2597.0774146371114,2637.2210982220704,-40.143683584959035,False,[0.41223261 0.05512687],[0.54023776 0.45976224]
latent_8,5708.396051250748,5748.91812502629,-40.522073775541685,False,[1.29819388 0.41253479],[0.44341345 0.55658655]
latent_192,5635.389451925947,5678.153957788553,-42.76450586260671,False,[-0.51343581  0.31380461],[0.46021914 0.53978086]
