Dimension,Cluster_0_Mean,Cluster_1_Mean,Difference,t_statistic,p_value,Cohens_d
latent_201,-0.014092496170824248,-0.1077015527769573,0.09360905660613304,21.14109002029555,8.13490367502181e-90,0.9330216210796454
latent_231,-1.04143333843406,-0.1590227463603203,-0.8824105920737396,-19.209739083127975,1.0825001819509602e-75,0.8613468103045189
latent_61,-0.0011554442795429162,0.09861248591613879,-0.09976793019568171,-18.780696937174156,1.1154269812682313e-72,0.8207472591232454
latent_36,-0.050623551101573565,-0.13102697705489325,0.08040342595331967,17.779263460103483,7.811804253566299e-66,0.786186825397598
latent_244,-0.17672948008463898,-0.26571080807491104,0.08898132799027206,17.882000696503745,1.5953380677651008e-66,0.7830023403120838
latent_108,0.05894637673360218,0.134601062685516,-0.07565468595191382,-17.65589610561884,5.216476221242082e-65,0.7824197939570615
latent_156,0.1637495187041349,0.2504676212766904,-0.08671810257255552,-17.76940546440617,9.094907904471152e-66,0.7747907811561493
latent_31,0.06833674030310626,0.13738587744745553,-0.06904913714434928,-17.959074178204354,4.8240155139679997e-67,0.7719415248113828
latent_42,-0.10318000584200955,-0.1704140922228826,0.06723408638087304,16.390356012681945,8.524408028391435e-57,0.7422712446467437
latent_175,-0.007946326222420981,-0.10139731988508897,0.09345099366266799,16.272537468347817,4.698162835891832e-56,0.7303405313664857
latent_241,-0.03726583526624387,-0.11319208043025801,0.07592624516401414,16.236731589200684,7.877650183951108e-56,0.7218798496255623
latent_120,-0.029564046187987053,-0.09751992840521886,0.06795588221723181,16.519413155961022,1.3002900196467826e-57,0.7095087846155
latent_21,0.08482753756181949,0.15621945231245551,-0.07139191475063603,-15.773292920967238,5.854115670969139e-53,0.7067625080044843
latent_119,-0.7244003737987739,-0.15537532090302492,-0.569025052895749,-14.864717847442593,1.61325654261637e-47,0.6943904812691244
latent_188,-0.04689459172086852,-0.11161990840533807,0.06472531668446956,14.937187111038456,6.069047028311596e-48,0.6571159865158798
latent_221,-0.1581529821016349,-0.22080045533416368,0.06264747323252878,14.571226920939031,8.135199410566172e-46,0.6430334728466071
latent_218,-0.1008925094890327,-0.16631834823540215,0.06542583874636945,14.515519886125416,1.7001226314860514e-45,0.6400319252722793
latent_126,0.06501505109720708,-0.7044911990601423,0.7695062501573494,14.040902069294578,8.272751786760441e-43,0.6298895646132184
latent_170,-0.016654899256786104,-0.08880227827823131,0.0721473790214452,14.366010126334833,1.215466490345442e-44,0.6296900095625358
latent_0,0.043401095267200276,-0.08716935820622776,0.13057045347342805,14.202503942162435,1.025201258463557e-43,0.6227993031411195
latent_179,-0.0020214693651158036,0.06762701750786478,-0.06964848687298059,-13.568509337745848,3.310490299691414e-40,0.6173856450332186
latent_225,-0.07381510619912807,-0.13150375717590745,0.05768865097677939,14.126440163425857,2.745966237027871e-43,0.6134700813756641
latent_14,-0.045268349764886244,-0.10650299975628114,0.06123464999139489,13.563506993269648,3.5241749723311886e-40,0.6011176104265079
latent_178,0.05944512730485014,0.11199772541059785,-0.052552598105747715,-13.118925859255897,8.476832704105243e-38,0.5927345009509914
latent_235,0.06397696199385558,0.1287192330010676,-0.06474227100721203,-12.861968230366175,1.8809065484311303e-36,0.5822021695553616
latent_101,-0.01414065677569891,-0.07647333329752669,0.06233267652182778,13.129502136835079,7.4533542378478e-38,0.580773766350262
latent_35,-0.02420782916446185,-0.09908194093701067,0.07487411177254882,13.180963023188779,3.9802799705326703e-38,0.5773087314469157
latent_33,0.008015146165211172,-0.05636152896815658,0.06437667513336776,13.452256252980584,1.4095128340598556e-39,0.5765489425592891
latent_71,0.023064824642031335,0.07377544441049821,-0.05071061976846688,-12.864554775194792,1.823593003988452e-36,0.5759131352122957
latent_103,0.03498413625889101,0.1325840352738434,-0.09759989901495239,-13.132584284848672,7.178927615498854e-38,0.5745933530925734
latent_1,0.02361880182118256,0.08304049182519574,-0.05942169000401318,-13.22319502439661,2.3750484421671967e-38,0.5724743733818397
latent_163,0.37538265048561303,0.8725083429145908,-0.49712569242897775,-12.565960172241834,6.271605222277389e-35,0.5633198358662396
latent_84,-0.146796726885327,-0.1942133539297153,0.047416627044388315,12.588799622756472,4.796543252494948e-35,0.5614069526226385
latent_28,-0.041282954972520436,-0.09051819767414591,0.04923524270162548,12.457347284700113,2.232104951119895e-34,0.5596971985416481
latent_19,-0.36393252388803815,-0.4794476374763345,0.11551511358829636,12.614391888872802,3.550018960769603e-35,0.5572771274314969
latent_110,0.009080972100559947,0.06425871498265125,-0.0551777428820913,-12.750251012923593,7.123124996983368e-36,0.5523198095800393
latent_194,-0.09133430990109744,-0.1405753055566548,0.049240995655557354,12.639803376430683,2.631691787427442e-35,0.5523168761381793
latent_139,0.13715186855679157,0.1840877968600356,-0.04693592830324403,-12.321765919868744,1.074641133684416e-33,0.5486288372661818
latent_113,-0.015491680290036785,-0.11735071868185054,0.10185903839181376,12.32520695010172,1.0328060347414226e-33,0.5434383634747795
latent_73,-0.03277438652241212,-0.11126327213060498,0.07848888560819287,12.378646623477334,5.56778655954107e-34,0.5420242226571939
latent_57,-0.08924884881861037,-0.13603534581839857,0.04678649699978821,12.053833731997116,2.2984152697189873e-32,0.5339775054384271
latent_245,0.02381838161379428,-0.0383515453016726,0.062169926915466876,12.345755783484748,8.146170552250284e-34,0.5330610040572689
latent_48,0.450217985040872,0.542868931136299,-0.09265094609542696,-12.599234031558575,4.24294754558548e-35,0.5329308761573341
latent_41,-0.037999468781994554,-0.10529183229977758,0.06729236351778303,12.49151412325265,1.4986981854112094e-34,0.5296630069484877
latent_158,0.13291282222188147,0.2119895313011922,-0.07907670907931072,-11.495635577662975,1.1275345242273508e-29,0.5231736701249132
latent_54,0.00951378052130109,-0.07254989849998221,0.0820636790212833,11.938808942690526,8.410540601049433e-32,0.5190170805585079
latent_11,0.04858786721280313,0.10118943615870106,-0.05260156894589793,-12.098359604280178,1.3870816559763636e-32,0.5177811199583963
latent_219,-0.024557684835640324,-0.09004185071825622,0.06548416588261591,11.839421631038109,2.558022926170655e-31,0.5166572618084736
latent_58,-0.03395977343850136,-0.12661478797852313,0.09265501454002177,11.42961014428737,2.3074260718285304e-29,0.5146244825103663
latent_63,0.05009201016069141,0.10647899179405693,-0.056386981633365515,-11.506902309223383,9.974841232479252e-30,0.5111444022606711
latent_2,0.03314382969970027,0.09308398808647687,-0.059940158386776604,-11.606625176937616,3.3562741928052444e-30,0.5051378238195128
latent_212,-0.04177624751410082,-0.3097554715681494,0.2679792240540486,10.878539769415843,7.908676471963298e-27,0.5010694609108102
latent_65,0.06210011295010899,0.12482508344190393,-0.06272497049179494,-11.314675987428322,7.957979655246468e-29,0.49903622680922727
latent_10,0.1090950543054632,-0.2484247977001779,0.35751985200564107,10.807535726528709,1.647351397589701e-26,0.4986920730025619
latent_106,-0.03493354199712534,0.04010029754702847,-0.07503383954415381,-10.991450363709898,2.441091819061428e-27,0.48936553161175644
latent_90,0.245074569806812,0.39697472313516013,-0.15190015332834814,-10.822427371624643,1.4128638871666987e-26,0.48631898194589646
latent_50,-0.03770964683480926,0.28237486226779357,-0.32008450910260283,-10.785060810235606,2.07624471638624e-26,0.48165354621514134
latent_208,-0.07205667462747276,-0.1467733313320463,0.07471665670457353,11.001139298041076,2.2057786470993255e-27,0.4810752292691699
latent_246,-0.059419561681970705,-0.12806608649553344,0.06864652481356273,11.013036719946143,1.9474177510583804e-27,0.47361607676924355
latent_222,-0.9832669142808584,-0.5234394750451957,-0.4598274392356627,-10.705682145399319,4.6853179025575467e-26,0.47321983837389586
latent_197,0.015225899727901906,0.21235576075462637,-0.19712986102672447,-10.519415181434843,3.098549174429446e-25,0.4725971251712315
latent_236,0.11227545473082425,0.20069392243149464,-0.0884184677006704,-10.839576762600856,1.1835989691752286e-26,0.46485032676184507
latent_144,-0.00032936692137193425,0.07962622388491816,-0.0799555908062901,-10.458277691785906,5.7237581760393275e-25,0.46168586760182356
latent_43,-0.019899171090875342,-0.06864314282544484,0.0487439717345695,10.588238808470205,1.5470166498228421e-25,0.4602131264784811
latent_38,0.3403202994550409,0.3903717347857118,-0.05005143533067091,-10.448521589265514,6.310816587257769e-25,0.4540682256473922
latent_206,0.05120894898760559,0.09796645878696619,-0.0467575097993606,-9.827896186204146,2.6642448551189064e-22,0.44332732916500833
latent_80,0.0243123851768733,0.07018387499979716,-0.045871489822923855,-9.960280566935795,7.542064689648095e-23,0.44197709490770165
latent_56,-0.04997852735453134,-0.0961951445005338,0.04621661714600247,10.037183822277305,3.598450746103148e-23,0.4366750567933819
latent_213,-0.5621733028211853,-1.0326313086951957,0.47045800587401043,9.538084347695131,4.00503088450239e-21,0.43643322102904303
latent_191,0.04007969690418937,0.08665767998053381,-0.04657798307634444,-9.759159729358425,5.10007699239813e-22,0.42530193271323585
latent_138,-0.015900792939850136,0.07287379023795375,-0.08877458317780389,-9.506144365603168,5.375288269738007e-21,0.4218052618005543
latent_123,-0.022185369033746592,-0.08623261085617438,0.0640472418224278,9.602747433477322,2.201450435173871e-21,0.421610729093128
latent_27,-0.05924560401240462,0.2257130490233096,-0.2849586530357142,-9.060753444668265,2.967574675726446e-19,0.420937035813438
latent_88,-0.02277934347425341,-0.07930242305715303,0.05652307958289962,9.39602928015617,1.4724702129131245e-20,0.4198203352346716
latent_92,0.5118266590361036,0.5784963666685053,-0.06666970763240176,-8.863748670902241,1.6555325656614696e-18,0.41515060996625824
latent_59,0.03229389255942098,0.07969659767330961,-0.04740270511388863,-9.181947515957546,1.0134855322779737e-19,0.4141271593281911
latent_228,0.007503506191376021,-0.10595180051544484,0.11345530670682086,8.935739585424805,8.868425486663812e-19,0.40962638662417356
latent_127,-0.0026917522571525887,0.053636038217544486,-0.056327790474697076,-9.34230763867365,2.3982954166710055e-20,0.4068759196027398
latent_217,-0.053247007674076294,0.09058893964535587,-0.14383594731943217,-8.891125720500321,1.306407640035845e-18,0.40653223231908514
latent_233,0.020803275974182564,-0.18314318731192172,0.20394646328610427,8.855322820722078,1.7804802479859332e-18,0.40208613567911367
latent_186,-0.006873987322418256,-0.058342439950125446,0.05146845262770719,9.387983306688561,1.5843305261978948e-20,0.3989801349668423
latent_128,-0.008013409014094006,0.03718051828446975,-0.04519392729856375,-8.861728365254145,1.6846781433100918e-18,0.39460268325345815
latent_107,-0.19886981663167236,0.1297233202352313,-0.32859313686690367,-8.495237701780304,3.763333857700148e-17,0.3931180625352213
latent_243,-0.02289944995589237,-0.0646202130213879,0.041720763065495534,8.99092227959336,5.479135724405239e-19,0.39242433855833025
latent_26,0.058203968565594004,0.09750514872656584,-0.03930118016097183,-8.478798643184923,4.3139700766252086e-17,0.3828966631827
latent_153,-0.03730990850511976,-0.08673181495112099,0.04942190644600123,8.534064241352144,2.7232788625085017e-17,0.3774352000936671
latent_190,0.03715860277695505,0.08507371088704625,-0.047915108110091205,-8.356609119627741,1.1814537627038205e-16,0.37415558683494293
latent_145,0.023144948760905996,0.08227153127366547,-0.05912658251275948,-8.430355535883722,6.442166873855187e-17,0.3702304412471635
latent_117,0.04428149765810627,0.07615802056252668,-0.03187652290442042,-8.284268719056726,2.1317710997948974e-16,0.3683978300061724
latent_9,-0.03413180192770436,-0.0957486147085943,0.06161681278088994,8.061362741317849,1.2759402406521611e-15,0.3664842836458219
latent_149,-0.05035442950654632,-0.09118389735443541,0.040829467847889094,8.184849911297352,4.761133473124837e-16,0.36265764715663507
latent_131,0.03300284624169346,0.07249823260528468,-0.03949538636359122,-8.33767180169145,1.379471209439292e-16,0.35997457916838416
latent_168,0.011832978388756812,0.05243018267407474,-0.04059720428531793,-8.003828444140364,2.0103684597083134e-15,0.35883640034781794
latent_198,-0.039479163233021114,0.0013052860161565849,-0.0407844492491777,-8.15133369073731,6.230071677483374e-16,0.3567369595056841
latent_20,0.005049767550919618,0.06341230049688612,-0.0583625329459665,-8.075927210084396,1.1366957952620676e-15,0.35584363548489034
latent_211,0.013626249484741145,0.05763800896599643,-0.04401175948125529,-7.852427989110506,6.55686356083333e-15,0.3554048958433024
latent_146,-0.10730768138354906,-0.13869099527387901,0.03138331389032996,8.102884167269515,9.173583577586806e-16,0.3543629931766959
latent_148,-0.053195571581130786,-0.09115070383329181,0.037955132252161024,7.756552942921426,1.3715167687367175e-14,0.34248002465234634
latent_152,0.011708273547046321,0.07941480078937188,-0.06770652724232556,-7.752391662970032,1.415894122406675e-14,0.34205555354898187
latent_230,-0.006511512051305178,-0.04998622355984875,0.04347471150854357,7.731075318473303,1.6663556961125703e-14,0.34041697036662705
latent_45,0.04044110527913419,0.08077548899518683,-0.040334383716052635,-7.743216612826288,1.5187957233795244e-14,0.3395168926826289
latent_114,-0.023724488221611714,-0.13740902105462635,0.11368453283301463,7.40899101411892,1.8574903324392229e-13,0.33860148239052607
latent_69,-0.06221800238005428,-0.10396975817222419,0.04175175579216991,7.794659821046453,1.0238624118886358e-14,0.3383577216254642
latent_60,0.051856554938383516,0.10187380515950177,-0.050017250221118255,-7.69485684177217,2.1955792142862343e-14,0.3382296346000721
latent_177,0.03891643905477657,0.07282837280080072,-0.03391193374602415,-7.941433651504542,3.2805482130618835e-15,0.338106665017667
latent_85,0.007781539206021798,0.057491283464644126,-0.049709744258622325,-7.645073412636586,3.2015107282900695e-14,0.33657852312706416
latent_3,0.019315106739843324,-0.02490673141084697,0.04422183815069029,7.690214756570662,2.274386563875016e-14,0.3339796915826666
latent_98,0.02333287753915872,-0.019137054293042705,0.04246993183220142,7.481304178574124,1.0898455368196633e-13,0.32746986138262946
latent_210,-0.032029388070656674,-0.082869007832621,0.05083961976196432,7.318182935365044,3.6041275991386814e-13,0.32622293213500797
latent_30,0.020118685725634702,-0.019794046732615662,0.03991273245825036,7.494874045663591,9.855587933420264e-14,0.32571920565898616
latent_109,-0.009616254825940397,0.028001475555914587,-0.03761773038185498,-7.478834120244421,1.1099629256536995e-13,0.3256129075796636
latent_39,-1.243786383705041,-0.9072899412053381,-0.3364964424997028,-7.481702561372426,1.0866346671475295e-13,0.32326410857280624
latent_161,0.072852105074747,0.11509022821809607,-0.04223812314334907,-7.439141617186006,1.488085587587257e-13,0.3219741384276729
latent_216,-0.2768818142050409,-0.31414686846637013,0.037265054261329256,7.267495298666774,5.200854410049488e-13,0.32138216169137696
latent_162,-0.1248399817658515,-0.18877355661770465,0.06393357485185315,6.968211772063672,4.3234911519797825e-12,0.3181076370893705
latent_234,-0.003192790738024523,0.04882999398170818,-0.052022784719732706,-7.507373752091452,8.982166136372363e-14,0.3180409533690599
latent_227,-0.06450035932465259,-0.03407212003790036,-0.03042823928675223,-7.175922316030768,1.0028920604580608e-12,0.3169130046930158
latent_122,0.04081438060189714,0.07474017082610321,-0.03392579022420607,-7.119694248043503,1.4952758897962048e-12,0.30719599558940824
latent_97,-0.01795294125328474,0.016282665550355874,-0.034235606803640614,-6.898016007365665,7.021504682804537e-12,0.30519574497732427
latent_184,0.07220798964935968,0.02456520240705872,0.047642787242300956,6.9481574164410045,4.968202236571399e-12,0.3026729238052747
latent_115,0.36929306649200944,0.20311792777925267,0.16617513871275677,6.728293516549886,2.2260775659549657e-11,0.30135664561828757
latent_181,0.015600144793724796,0.1149714266319929,-0.09937128183826811,-6.650596000573599,3.742180991927601e-11,0.2955644280020942
latent_249,0.008336958152354221,0.044935454749128106,-0.03659849659677389,-6.6423931703131105,3.95185002674094e-11,0.29279026623548615
latent_150,-0.08905226316942914,-0.18522605150480428,0.09617378833537514,6.3390018567263064,2.842060605317683e-10,0.2916307116203012
latent_23,-0.20932661702808106,-0.34779743900444837,0.13847082197636731,6.3719177223857155,2.3038240281378917e-10,0.28944962054033313
latent_81,0.019507939011780655,0.06307840324399287,-0.04357046423221222,-6.553809471387799,7.092035063058446e-11,0.2864277942886905
latent_47,0.04368687932936648,0.11574137929973309,-0.07205449997036661,-6.219213208686792,6.050860903818489e-10,0.28349563265542543
latent_77,-0.04487391066419346,-0.08212464143371885,0.03725073076952539,6.4312394759079705,1.5740643833129974e-10,0.28101565299766823
latent_34,0.2363832479224523,0.055816867780658364,0.18056638014179394,6.22528447877836,5.825347779975176e-10,0.2807543203004442
latent_169,0.005151509496566757,-0.027855312270982212,0.03300682176754897,6.225496038996697,5.817639350050889e-10,0.2792396360944219
latent_72,0.20039384866014986,0.4469571993537366,-0.24656335069358676,-5.91812200363308,3.813621297959875e-09,0.27057318836432603
latent_52,0.08243972507434605,0.12824361598571174,-0.04580389091136569,-6.249880000932041,4.992823840895538e-10,0.2696843935738352
latent_151,0.020225496504722752,-0.00892632439466192,0.029151820899384673,5.881946925712751,4.730966679813181e-09,0.2612373977152173
latent_157,0.006985886830817439,0.03622408872960854,-0.029238201898791102,-5.752902364221283,1.010653761920595e-08,0.2574089813491664
latent_74,0.024612920803063692,0.07171858877743773,-0.04710566797437403,-5.658269649966229,1.7461901572270133e-08,0.2562630362735898
latent_207,-0.054840589985538146,-0.18504912354181496,0.13020853355627682,5.554824923092294,3.144642405972514e-08,0.25461820132841845
latent_183,0.008581722046396458,-0.022998534319199293,0.03158025636559575,5.759379573223969,9.73230110099948e-09,0.25303912100070647
latent_132,-0.13576852983881743,-0.1702956061622242,0.034527076323406763,5.571398782340165,2.8637055652131905e-08,0.25178379441828147
latent_237,-0.020279442148751364,0.012808281254021354,-0.03308772340277272,-5.687411386877122,1.476868243666648e-08,0.25122884911333243
latent_172,0.019712364354410764,-0.04194249981637011,0.06165486417078088,5.647366190800331,1.858759455075545e-08,0.25055333633853166
latent_40,0.2920843747854223,0.3231314927793594,-0.031047117993937057,-5.43538452685773,6.126230136715302e-08,0.2465107111210246
latent_87,-0.05360439141650137,-0.0797711229836121,0.026166731567110725,5.536791042829667,3.480717372466933e-08,0.24299734431921016
latent_174,0.00932361840380109,0.04947346862076511,-0.040149850216964024,-5.675383957595628,1.582736413457991e-08,0.2419398621067961
latent_79,-0.039906328689782014,-0.0892900738941281,0.04938374520434609,5.377649970952097,8.416422694386611e-08,0.23791501108350135
latent_159,-0.026311123613445505,-0.054050288058718865,0.02773916444527336,5.300245279168042,1.2821714451248496e-07,0.23788962856776513
latent_133,0.7898043679758856,0.5378927013381495,0.2519116666377361,4.816554627644223,1.568744745148095e-06,0.23539961153782393
latent_116,0.6095022995737057,0.3695389520959074,0.2399633474777983,5.108567530764699,3.550187905276135e-07,0.23290689650406038
latent_255,0.12466085200737739,0.14607417348837543,-0.021413321480998032,-5.223633917663447,1.934238531401181e-07,0.23126562638263196
latent_8,0.759312744543801,0.9576452880149464,-0.19833254347114537,-4.965532427605877,7.424071048847805e-07,0.23118022204956554
latent_129,0.03580809651357629,-0.003599584107829181,0.03940768062140547,5.297715387041763,1.2998119826270841e-07,0.22883733016416632
latent_199,0.013166610271716624,0.044388194081957294,-0.03122158381024067,-5.4079199097912385,7.128151970792338e-08,0.22556733814906443
latent_203,0.031879244206821526,0.05469618187165125,-0.02281693766482972,-5.084894259546025,4.016511822651732e-07,0.22299858084824387
latent_185,-0.13962484457833788,0.014551485457544493,-0.15417633003588238,-4.70006440193979,2.775602316304816e-06,0.22087529165692849
latent_94,1.0375310740776567,0.9211653228932385,0.11636575118441816,5.148174327835147,2.884515926971986e-07,0.21776004913617497
latent_25,-0.07117841930571867,-0.10712778623706405,0.035949366931345386,4.81111384000475,1.6115671914591175e-06,0.21755357093045047
latent_166,0.03174417804345708,0.06627693385615659,-0.0345327558126995,-4.947111414381959,8.152732419742699e-07,0.2151490067057543
latent_105,0.0064329481214997946,0.0316077281122242,-0.025174779990724403,-4.887395990074529,1.101973506624589e-06,0.2107121212665673
latent_147,-0.134608354402688,-0.23923413218540923,0.10462577778272122,4.586422377665791,4.784261514685815e-06,0.2103192670747627
latent_226,-0.028575141758969688,-0.050763099090249106,0.02218795733127942,4.874394119733713,1.176180541475691e-06,0.2087362964084701
latent_64,0.039538134983092645,0.07039563260284698,-0.030857497619754336,-4.626776917273678,3.948629000576203e-06,0.20638341901054352
latent_32,0.07151049377728269,0.09253051244256227,-0.021020018665279583,-4.479304071233585,7.905265312722184e-06,0.2060147788610839
latent_70,0.01551263716381594,0.043143139169430605,-0.027630502005614666,-4.6445950040479635,3.6259872591535007e-06,0.2059957388237767
latent_182,0.019323832006826976,-2.752542462099729e-05,0.019351357431447974,4.6006265097216525,4.4724517269922105e-06,0.20587310707260342
latent_24,0.08566363673424116,0.1087580636602847,-0.02309442692604355,-4.5526568292996386,5.611321613522486e-06,0.20571510994632772
latent_102,-0.08139783869527248,-0.0030574791905693985,-0.07834035950470308,-4.6626438036204565,3.325033015661814e-06,0.20489316461494575
latent_192,-0.036188368237629435,-0.21078934751014233,0.1746009792725129,4.433158873126685,9.782315586817052e-06,0.20342907986379039
latent_240,-0.04649562472453338,-0.0668748217594484,0.020379197034915017,4.53835006761303,6.001613498801112e-06,0.20054338711656547
latent_195,0.040036782908382834,0.0749935019113523,-0.03495671900296947,-4.590812881997399,4.685721631141958e-06,0.19944993932918934
latent_130,-0.04623549439232289,-0.06573887262829181,0.01950337823596892,4.475311659639857,8.052961437778732e-06,0.19577329009457584
latent_189,-0.02077267745065395,-0.056156445923185055,0.03538376847253111,4.421815942150178,1.030512824779219e-05,0.19531806629914164
latent_104,-0.03661348050073924,-0.012091704113370105,-0.024521776387369132,-4.391802062968359,1.1820450573719911e-05,0.19426272747594553
latent_140,0.028923685085374663,-0.009031687422597863,0.037955372507972526,4.322044930827667,1.6206976789682593e-05,0.19393954510814523
latent_5,0.11836171131555176,0.15682318482263877,-0.03846147350708701,-4.333767420052299,1.5374664776870215e-05,0.19093602137110968
latent_180,0.022422329890645094,-0.00038615839822064087,0.022808488288865735,4.254104373169036,2.1943677900028067e-05,0.1886245588319047
latent_4,0.02579434459893733,0.04476173906797153,-0.018967394469034202,-4.293767158708551,1.839524092689182e-05,0.186938989477871
latent_93,-0.04728753341348072,-0.07827521362991104,0.030987680216430315,4.103170265642355,4.236503660527072e-05,0.18210551557220364
latent_76,0.0027015140624863762,0.04924687387211744,-0.04654535980963106,-3.9372564775602763,8.520083540881517e-05,0.17585091217194423
latent_137,-0.024585346047816075,-0.004528868970412812,-0.020056477077403264,-4.0042835010813365,6.444621586462617e-05,0.17444480311338187
latent_223,0.01654567235900545,0.06712237640667261,-0.05057670404766716,-3.8625330280957226,0.00011573792167375548,0.1738980172590494
latent_53,0.02307239071324387,0.004338758547989146,0.018733632165254723,3.8089637617566523,0.0001437012444970022,0.16967497231181786
latent_238,0.016216995178348775,0.04001051829483096,-0.023793523116482185,-3.812368595352299,0.00014174943259264152,0.16928630307764456
latent_143,0.07970366661541813,0.10631618558708185,-0.026612518971663723,-3.6584783205434763,0.0002601922159704571,0.16381699873499578
latent_62,0.006265211261553133,-0.04274971472370107,0.049014925985254205,3.5992764741089105,0.0003267601642189967,0.16351604680734574
latent_187,0.2148185536755041,0.09426982868131671,0.12054872499418738,3.568512822857777,0.0003673525695617426,0.16346321509901396
latent_29,-0.04846098187939306,-0.06959463342049822,0.021133651541105164,3.7473154817185486,0.00018373347621840943,0.16187131615653924
latent_164,0.13415768607960493,0.15022729735498222,-0.016069611275377288,-3.6077461022830346,0.00031634542011262285,0.1596169966846024
latent_22,0.4885868697238624,0.5742559594348754,-0.085669089711013,-3.3102117873254326,0.0009485916228702702,0.15541599754278254
latent_167,0.03419087106795436,0.010301901909003555,0.023888969158950807,3.4544260455175606,0.0005628009024485765,0.15471591385557665
latent_134,-0.1394171676989782,0.0017207257135231258,-0.14113789341250133,-3.1714618666589334,0.001539410138672785,0.1496134874279552
latent_121,-0.0027395779412377388,0.015260074185949643,-0.017999652127187384,-3.3856179385861327,0.0007237197074467889,0.14729844872419828
latent_242,0.10242123442641009,0.06383098750177936,0.03859024692463073,3.204958991476688,0.001371810710835331,0.1468250433644247
latent_51,0.3837776801923161,0.3053961446017794,0.07838153559053673,3.14464641673518,0.0016869651802574384,0.14365448551309185
latent_173,-0.13686382863410082,-0.1563213992603203,0.019457570626219473,3.278148560233367,0.0010625637198100877,0.14225677004877507
latent_220,-0.10296079931745912,-0.19274277357758007,0.08978197426012095,3.1576090142288633,0.001614083259825113,0.1405798086234672
latent_155,0.15600830831793597,0.06056530203451958,0.09544300628341638,3.076276976131304,0.002124028788234181,0.14020706881868417
latent_82,-0.11633541861736375,-0.12913641748460852,0.01280099886724477,3.1385444249082846,0.0017223117187287317,0.13808367382074827
latent_17,-0.24715377543230657,-0.17296916681654806,-0.07418460861575851,-3.0574848441481524,0.002261179586642948,0.13643579589085056
latent_141,0.026832039940926432,0.04677648517660854,-0.019944445235682107,-2.9817908087890417,0.0028998137789236576,0.13453141760660436
latent_176,0.025261122476846046,0.04866637624202847,-0.023405253765182425,-2.904183558381252,0.0037219558115255975,0.1284377984902687
latent_254,0.008864158612528612,0.02539935140564057,-0.01653519279311196,-2.8423069190442263,0.004523637282301828,0.12737729442105694
latent_232,0.0565689960966863,0.07316009377983984,-0.01659109768315354,-2.820402184405684,0.004842999974377929,0.12387402635574792
latent_112,0.12163719776479565,0.08421753310667261,0.037419664658123034,2.709494395053202,0.006795287036892821,0.12192214780650919
latent_202,0.020594073293889646,0.0021243090857651268,0.01846976420812452,2.6953826151052684,0.007088845711195863,0.11906150670404117
latent_224,0.04886484941942915,0.060359514146298934,-0.011494664726869781,-2.554558476106288,0.010704736861020778,0.11461331151603839
latent_16,-0.007503963508535423,0.01044797217188612,-0.01795193568042154,-2.5643303420166146,0.010408944308583678,0.11356976108330906
latent_165,0.007319823916690055,-0.005757918160925266,0.01307774207761532,2.6098157038232324,0.00912574893715686,0.11300355048044237
latent_209,-0.0021606573084673036,0.03113888840009075,-0.03329954570855805,-2.4485546177739423,0.014427228612620422,0.10797946043721503
latent_12,0.00768126262998079,-0.008157990675409251,0.01583925330539004,2.451138490344889,0.014324384803848044,0.10788468788538148
latent_100,-0.0119093809171594,-1.6281744306036693e-06,-0.011907752742728796,-2.457042214275906,0.014091828739372873,0.10697710693421368
latent_7,0.05219181149791553,0.06584398676868326,-0.01365217527076773,-2.3546159597778327,0.018636708016899255,0.10610971803651796
latent_124,0.008163801930345368,0.02524389385839324,-0.01708009192804787,-2.2280575846127553,0.02598596300194877,0.10052726510982828
latent_251,-0.07420005224763174,-0.033501687466370104,-0.04069836478126163,-2.220789480067686,0.026475328490936176,0.09955284504595908
latent_171,-0.075759113806812,-0.03048947373594307,-0.04526964007086892,-2.1934289499457598,0.028389648932089912,0.09693200219215992
latent_18,-0.4210728444794482,-0.4667194392797152,0.045646594800267004,2.0739525619933032,0.038209644970850304,0.09417519127962205
latent_214,-0.050901543295361035,-0.0815703521535587,0.03066880885819767,2.0960896580446904,0.03619788979474952,0.0926832670254467
latent_118,-0.7881365942865258,-0.8716680248290748,0.08353143054254897,1.965205350306169,0.04952677397912287,0.09134704639606561
latent_205,0.0566883940572643,0.045266746707473306,0.011421647349790995,1.9924260502303133,0.04645817729103456,0.08832547690090274
latent_37,0.031005796104632152,0.0185701037127758,0.012435692391856351,1.909227048275389,0.056373800623835985,0.08604654706963445
latent_75,-0.26958797737398504,-0.3182766357804271,0.04868865840644204,1.8843719621886015,0.05965758959748277,0.08528440488656051
latent_247,-0.003830134016553133,0.009348434326476867,-0.01317856834303,-1.8910947809939262,0.0587540949810049,0.08413876433741917
latent_44,-0.32508563120837874,-0.25686661901725977,-0.06821901219111898,-1.7989714741882286,0.07217181717471104,0.08350684636336854
latent_239,0.020983069267247956,0.009491041884738432,0.011492027382509524,1.823331931310411,0.06840027277533263,0.07992982088859986
latent_111,0.028605207990116482,0.019904736193612098,0.008700471796504385,1.8061070018507668,0.07104982922184347,0.07990042326281914
latent_248,-0.043986542185347415,-0.09184281886423487,0.047856276678887456,1.7025708561665924,0.08880165067292203,0.07588754090368975
latent_160,0.23527388304725136,0.25039817927046265,-0.015124296223211292,-1.6942944524595354,0.09036288489245509,0.07527519329298557
latent_89,-0.0029855931999795645,-0.01377268520540925,0.010787092005429686,1.597503523935134,0.11030930172581475,0.07298877779313209
latent_46,0.040142780288140334,0.049004206842829176,-0.008861426554688842,-1.6317001623539633,0.10289792536881263,0.07255241633930616
latent_83,-0.037127854752738415,-0.02687036119297153,-0.010257493559766885,-1.6382439563087263,0.1015259382655915,0.07232786480406478
latent_91,-0.05127550513841961,-0.06399613067498221,0.0127206255365626,1.6444308390887616,0.10024222696115959,0.07163872582947123
latent_68,0.0047254784349873985,0.013652530902313168,-0.00892705246732577,-1.6322093189275928,0.10279064772655623,0.07152331072413055
latent_6,-0.017812069425401908,0.014751082344056936,-0.03256315176945884,-1.5593949993146201,0.11905894788557005,0.07102742372028525
latent_154,0.22970895194395097,0.20902512967087902,0.020683822273071945,1.5666060149372527,0.11736282297352632,0.06952311834659372
latent_78,0.0027792191726062673,-0.006842530938451959,0.009621750111058227,1.5241761461867065,0.12762063269267024,0.0672980661020274
latent_15,-0.02027010349931812,-0.03758689716336299,0.01731679366404487,1.4884600572360647,0.13678508428816627,0.06547914430633989
latent_55,0.06720348732965259,0.08381947027522597,-0.016615982945573385,-1.4425881628788706,0.14929094207868165,0.0634100320032232
latent_215,0.0005324359894897826,-0.00780706540260854,0.008339501392098322,1.3579058404660103,0.1746446219177863,0.06005525960421232
latent_135,0.7711200511702521,0.8370520061494662,-0.06593195497921411,-1.3393849712279742,0.18059546184454994,0.05810415995304495
latent_204,-0.04752686386111989,-0.05414378359381138,0.00661691973269149,1.3028149464816323,0.1927858584007182,0.05765853747746607
latent_66,0.023124342460783376,0.030251795183790037,-0.007127452723006661,-1.3246959649538528,0.18542126116561522,0.0570867623754393
latent_229,0.043426212747479556,0.08049327709653026,-0.0370670643490507,-1.2278592475027414,0.2196423013344707,0.056956439640837485
latent_125,0.02411803636359128,0.02936725845725979,-0.005249222093668508,-1.1053006004524422,0.2691604669278979,0.04879315208685503
latent_13,-0.1058798152980579,-0.11015287944039145,0.004273064142333555,1.1287393524076463,0.2591413067257746,0.048437721551237524
latent_49,0.022449242712949593,0.016655947478843417,0.005793295234106176,0.9967105872878979,0.31902391639812766,0.0443734770139377
latent_96,0.0703885354147139,0.05977199326201068,0.010616542152703225,0.9562858480707512,0.33904181603261285,0.04271842343137959
latent_250,0.2731911855006539,0.31958206368256226,-0.046390878181908346,-0.8787915434765023,0.3796184200343772,0.04064246804703905
latent_136,-0.8200599716844005,-0.7904923246103204,-0.029567647074080106,-0.8529576374141007,0.39378352175040143,0.039389281740580664
latent_200,0.011878543312429426,0.01913397415658363,-0.007255430844154203,-0.882534306727052,0.3775925307086505,0.03848260272497121
latent_99,-0.4318647721383992,-0.46698413784234877,0.03511936570394958,0.7163852411100556,0.4738359904819268,0.03308925818307001
latent_95,0.2941035585775613,0.284573872427758,0.009529686149803318,0.4970216005663012,0.6192276942888115,0.022696010853486794
latent_67,0.20396995558205647,0.21155972395380782,-0.007589768371751349,-0.5153315221527343,0.6063775424006899,0.02261077732646647
latent_86,0.0105523072571594,0.004638785410498219,0.005913521846661181,0.33252706918329017,0.7395256706086616,0.014915484046117212
latent_142,0.23940256840491825,0.24622515336459072,-0.006822584959672473,-0.3287430180001707,0.7423838783778371,0.014425127753203029
latent_252,-0.02807013454623774,-0.03059003436903915,0.0025198998228014094,0.3003915009133533,0.763909334903,0.013319440125021873
latent_193,-0.005503640578065395,-0.0025038578051067625,-0.0029997827729586323,-0.28494501704713143,0.7757153612486216,0.012607374487439106
latent_253,-0.060387011970363086,-0.061606986286476866,0.0012199743161137797,0.2695949417498599,0.7874993195495873,0.011848379570616033
latent_196,0.06930735454458448,0.07286367795434164,-0.003556323409757159,-0.123936807842344,0.9013775911916602,0.0055000385305235345
